{
  "hash": "1bcb899f",
  "configHash": "063be1ad",
  "lockfileHash": "cd7be1ce",
  "browserHash": "894f6382",
  "optimized": {
    "@angular/common": {
      "src": "../../../../../../node_modules/@angular/common/fesm2022/common.mjs",
      "file": "@angular_common.js",
      "fileHash": "c819e0ef",
      "needsInterop": false
    },
    "@angular/common/http": {
      "src": "../../../../../../node_modules/@angular/common/fesm2022/http.mjs",
      "file": "@angular_common_http.js",
      "fileHash": "eb6c96e7",
      "needsInterop": false
    },
    "@angular/core": {
      "src": "../../../../../../node_modules/@angular/core/fesm2022/core.mjs",
      "file": "@angular_core.js",
      "fileHash": "f3993a09",
      "needsInterop": false
    },
    "@angular/forms": {
      "src": "../../../../../../node_modules/@angular/forms/fesm2022/forms.mjs",
      "file": "@angular_forms.js",
      "fileHash": "44c784e5",
      "needsInterop": false
    },
    "@angular/platform-browser": {
      "src": "../../../../../../node_modules/@angular/platform-browser/fesm2022/platform-browser.mjs",
      "file": "@angular_platform-browser.js",
      "fileHash": "60244fa2",
      "needsInterop": false
    },
    "@angular/platform-server": {
      "src": "../../../../../../node_modules/@angular/platform-server/fesm2022/platform-server.mjs",
      "file": "@angular_platform-server.js",
      "fileHash": "4a07e42e",
      "needsInterop": false
    },
    "@angular/platform-server/init": {
      "src": "../../../../../../node_modules/@angular/platform-server/fesm2022/init.mjs",
      "file": "@angular_platform-server_init.js",
      "fileHash": "8337a372",
      "needsInterop": false
    },
    "@angular/router": {
      "src": "../../../../../../node_modules/@angular/router/fesm2022/router.mjs",
      "file": "@angular_router.js",
      "fileHash": "00ff234d",
      "needsInterop": false
    },
    "@angular/ssr": {
      "src": "../../../../../../node_modules/@angular/ssr/fesm2022/ssr.mjs",
      "file": "@angular_ssr.js",
      "fileHash": "504a8ce4",
      "needsInterop": false
    },
    "@angular/ssr/node": {
      "src": "../../../../../../node_modules/@angular/ssr/fesm2022/node.mjs",
      "file": "@angular_ssr_node.js",
      "fileHash": "c3c129ea",
      "needsInterop": false
    },
    "chart.js/auto": {
      "src": "../../../../../../node_modules/chart.js/auto/auto.js",
      "file": "chart__js_auto.js",
      "fileHash": "d4cd24f0",
      "needsInterop": false
    },
    "express": {
      "src": "../../../../../../node_modules/express/index.js",
      "file": "express.js",
      "fileHash": "8627a2d3",
      "needsInterop": true
    },
    "leaflet": {
      "src": "../../../../../../node_modules/leaflet/dist/leaflet-src.js",
      "file": "leaflet.js",
      "fileHash": "de27b72d",
      "needsInterop": true
    },
    "pusher-js": {
      "src": "../../../../../../node_modules/pusher-js/dist/node/pusher.js",
      "file": "pusher-js.js",
      "fileHash": "1d95b066",
      "needsInterop": true
    },
    "rxjs": {
      "src": "../../../../../../node_modules/rxjs/dist/cjs/index.js",
      "file": "rxjs.js",
      "fileHash": "a39ed497",
      "needsInterop": true
    },
    "rxjs/operators": {
      "src": "../../../../../../node_modules/rxjs/dist/cjs/operators/index.js",
      "file": "rxjs_operators.js",
      "fileHash": "ab947048",
      "needsInterop": true
    }
  },
  "chunks": {
    "xhr2-RCHU6N37": {
      "file": "xhr2-RCHU6N37.js"
    },
    "chunk-7MOYDDFU": {
      "file": "chunk-7MOYDDFU.js"
    },
    "chunk-LAC5EGGZ": {
      "file": "chunk-LAC5EGGZ.js"
    },
    "chunk-NTDPESJW": {
      "file": "chunk-NTDPESJW.js"
    },
    "chunk-OPFSH4KD": {
      "file": "chunk-OPFSH4KD.js"
    },
    "chunk-2W5DI3YX": {
      "file": "chunk-2W5DI3YX.js"
    },
    "chunk-JY6RWQMD": {
      "file": "chunk-JY6RWQMD.js"
    },
    "chunk-KXAFGDSC": {
      "file": "chunk-KXAFGDSC.js"
    },
    "chunk-FXH64TVD": {
      "file": "chunk-FXH64TVD.js"
    },
    "chunk-TLTLRDLX": {
      "file": "chunk-TLTLRDLX.js"
    },
    "chunk-UIYHWEA5": {
      "file": "chunk-UIYHWEA5.js"
    },
    "chunk-KNCEO2A4": {
      "file": "chunk-KNCEO2A4.js"
    },
    "chunk-XCKGGG5T": {
      "file": "chunk-XCKGGG5T.js"
    }
  }
}