{
  "hash": "043f28b3",
  "configHash": "e56250d3",
  "lockfileHash": "8aaed2ac",
  "browserHash": "31316d6c",
  "optimized": {
    "@angular/common": {
      "src": "../../../../../../node_modules/@angular/common/fesm2022/common.mjs",
      "file": "@angular_common.js",
      "fileHash": "83cfdb97",
      "needsInterop": false
    },
    "@angular/common/http": {
      "src": "../../../../../../node_modules/@angular/common/fesm2022/http.mjs",
      "file": "@angular_common_http.js",
      "fileHash": "b072dcd5",
      "needsInterop": false
    },
    "@angular/core": {
      "src": "../../../../../../node_modules/@angular/core/fesm2022/core.mjs",
      "file": "@angular_core.js",
      "fileHash": "08a69c2c",
      "needsInterop": false
    },
    "@angular/forms": {
      "src": "../../../../../../node_modules/@angular/forms/fesm2022/forms.mjs",
      "file": "@angular_forms.js",
      "fileHash": "1c1521e3",
      "needsInterop": false
    },
    "@angular/platform-browser": {
      "src": "../../../../../../node_modules/@angular/platform-browser/fesm2022/platform-browser.mjs",
      "file": "@angular_platform-browser.js",
      "fileHash": "26bb6a72",
      "needsInterop": false
    },
    "@angular/platform-server": {
      "src": "../../../../../../node_modules/@angular/platform-server/fesm2022/platform-server.mjs",
      "file": "@angular_platform-server.js",
      "fileHash": "cc9a6329",
      "needsInterop": false
    },
    "@angular/platform-server/init": {
      "src": "../../../../../../node_modules/@angular/platform-server/fesm2022/init.mjs",
      "file": "@angular_platform-server_init.js",
      "fileHash": "6c0fa434",
      "needsInterop": false
    },
    "@angular/router": {
      "src": "../../../../../../node_modules/@angular/router/fesm2022/router.mjs",
      "file": "@angular_router.js",
      "fileHash": "af5848e1",
      "needsInterop": false
    },
    "@angular/ssr": {
      "src": "../../../../../../node_modules/@angular/ssr/fesm2022/ssr.mjs",
      "file": "@angular_ssr.js",
      "fileHash": "41cddb74",
      "needsInterop": false
    },
    "@angular/ssr/node": {
      "src": "../../../../../../node_modules/@angular/ssr/fesm2022/node.mjs",
      "file": "@angular_ssr_node.js",
      "fileHash": "f59f6ca1",
      "needsInterop": false
    },
    "chart.js/auto": {
      "src": "../../../../../../node_modules/chart.js/auto/auto.js",
      "file": "chart__js_auto.js",
      "fileHash": "5b2563b3",
      "needsInterop": false
    },
    "express": {
      "src": "../../../../../../node_modules/express/index.js",
      "file": "express.js",
      "fileHash": "a2b46a04",
      "needsInterop": true
    },
    "leaflet": {
      "src": "../../../../../../node_modules/leaflet/dist/leaflet-src.js",
      "file": "leaflet.js",
      "fileHash": "c036037c",
      "needsInterop": true
    },
    "pusher-js": {
      "src": "../../../../../../node_modules/pusher-js/dist/node/pusher.js",
      "file": "pusher-js.js",
      "fileHash": "321249b2",
      "needsInterop": true
    },
    "rxjs": {
      "src": "../../../../../../node_modules/rxjs/dist/cjs/index.js",
      "file": "rxjs.js",
      "fileHash": "44a08a00",
      "needsInterop": true
    },
    "rxjs/operators": {
      "src": "../../../../../../node_modules/rxjs/dist/cjs/operators/index.js",
      "file": "rxjs_operators.js",
      "fileHash": "3b83c6c3",
      "needsInterop": true
    }
  },
  "chunks": {
    "xhr2-RCHU6N37": {
      "file": "xhr2-RCHU6N37.js"
    },
    "chunk-GIURBJQR": {
      "file": "chunk-GIURBJQR.js"
    },
    "chunk-NTDPESJW": {
      "file": "chunk-NTDPESJW.js"
    },
    "chunk-LAC5EGGZ": {
      "file": "chunk-LAC5EGGZ.js"
    },
    "chunk-OPFSH4KD": {
      "file": "chunk-OPFSH4KD.js"
    },
    "chunk-2W5DI3YX": {
      "file": "chunk-2W5DI3YX.js"
    },
    "chunk-JY6RWQMD": {
      "file": "chunk-JY6RWQMD.js"
    },
    "chunk-KXAFGDSC": {
      "file": "chunk-KXAFGDSC.js"
    },
    "chunk-FXH64TVD": {
      "file": "chunk-FXH64TVD.js"
    },
    "chunk-TLTLRDLX": {
      "file": "chunk-TLTLRDLX.js"
    },
    "chunk-UIYHWEA5": {
      "file": "chunk-UIYHWEA5.js"
    },
    "chunk-KNCEO2A4": {
      "file": "chunk-KNCEO2A4.js"
    },
    "chunk-XCKGGG5T": {
      "file": "chunk-XCKGGG5T.js"
    }
  }
}