{
  "hash": "7825173f",
  "configHash": "274193c0",
  "lockfileHash": "1e99cc82",
  "browserHash": "073f7eda",
  "optimized": {
    "@angular/common": {
      "src": "../../../../../../node_modules/@angular/common/fesm2022/common.mjs",
      "file": "@angular_common.js",
      "fileHash": "2bc908f8",
      "needsInterop": false
    },
    "@angular/common/http": {
      "src": "../../../../../../node_modules/@angular/common/fesm2022/http.mjs",
      "file": "@angular_common_http.js",
      "fileHash": "1bf8c057",
      "needsInterop": false
    },
    "@angular/core": {
      "src": "../../../../../../node_modules/@angular/core/fesm2022/core.mjs",
      "file": "@angular_core.js",
      "fileHash": "e48a3f79",
      "needsInterop": false
    },
    "@angular/forms": {
      "src": "../../../../../../node_modules/@angular/forms/fesm2022/forms.mjs",
      "file": "@angular_forms.js",
      "fileHash": "dab94fc6",
      "needsInterop": false
    },
    "@angular/platform-browser": {
      "src": "../../../../../../node_modules/@angular/platform-browser/fesm2022/platform-browser.mjs",
      "file": "@angular_platform-browser.js",
      "fileHash": "953d9587",
      "needsInterop": false
    },
    "@angular/platform-server": {
      "src": "../../../../../../node_modules/@angular/platform-server/fesm2022/platform-server.mjs",
      "file": "@angular_platform-server.js",
      "fileHash": "cd93bbd8",
      "needsInterop": false
    },
    "@angular/platform-server/init": {
      "src": "../../../../../../node_modules/@angular/platform-server/fesm2022/init.mjs",
      "file": "@angular_platform-server_init.js",
      "fileHash": "766e8c2e",
      "needsInterop": false
    },
    "@angular/router": {
      "src": "../../../../../../node_modules/@angular/router/fesm2022/router.mjs",
      "file": "@angular_router.js",
      "fileHash": "299590b8",
      "needsInterop": false
    },
    "@angular/ssr": {
      "src": "../../../../../../node_modules/@angular/ssr/fesm2022/ssr.mjs",
      "file": "@angular_ssr.js",
      "fileHash": "be8229ca",
      "needsInterop": false
    },
    "@angular/ssr/node": {
      "src": "../../../../../../node_modules/@angular/ssr/fesm2022/node.mjs",
      "file": "@angular_ssr_node.js",
      "fileHash": "166f467f",
      "needsInterop": false
    },
    "express": {
      "src": "../../../../../../node_modules/express/index.js",
      "file": "express.js",
      "fileHash": "66ed5f9a",
      "needsInterop": true
    },
    "leaflet": {
      "src": "../../../../../../node_modules/leaflet/dist/leaflet-src.js",
      "file": "leaflet.js",
      "fileHash": "b330facd",
      "needsInterop": true
    },
    "pusher-js": {
      "src": "../../../../../../node_modules/pusher-js/dist/node/pusher.js",
      "file": "pusher-js.js",
      "fileHash": "1cca36de",
      "needsInterop": true
    },
    "rxjs": {
      "src": "../../../../../../node_modules/rxjs/dist/cjs/index.js",
      "file": "rxjs.js",
      "fileHash": "66eb894f",
      "needsInterop": true
    },
    "rxjs/operators": {
      "src": "../../../../../../node_modules/rxjs/dist/cjs/operators/index.js",
      "file": "rxjs_operators.js",
      "fileHash": "5e623723",
      "needsInterop": true
    }
  },
  "chunks": {
    "xhr2-RCHU6N37": {
      "file": "xhr2-RCHU6N37.js"
    },
    "chunk-GRDTDZFT": {
      "file": "chunk-GRDTDZFT.js"
    },
    "chunk-ZPJ7R5Z4": {
      "file": "chunk-ZPJ7R5Z4.js"
    },
    "chunk-SYHZTMEJ": {
      "file": "chunk-SYHZTMEJ.js"
    },
    "chunk-XQV2CHLM": {
      "file": "chunk-XQV2CHLM.js"
    },
    "chunk-JY6RWQMD": {
      "file": "chunk-JY6RWQMD.js"
    },
    "chunk-2W5DI3YX": {
      "file": "chunk-2W5DI3YX.js"
    },
    "chunk-KXAFGDSC": {
      "file": "chunk-KXAFGDSC.js"
    },
    "chunk-FXH64TVD": {
      "file": "chunk-FXH64TVD.js"
    },
    "chunk-TLTLRDLX": {
      "file": "chunk-TLTLRDLX.js"
    },
    "chunk-UIYHWEA5": {
      "file": "chunk-UIYHWEA5.js"
    },
    "chunk-KNCEO2A4": {
      "file": "chunk-KNCEO2A4.js"
    },
    "chunk-XCKGGG5T": {
      "file": "chunk-XCKGGG5T.js"
    }
  }
}