{
  "hash": "5c95e9a0",
  "configHash": "063be1ad",
  "lockfileHash": "8aaed2ac",
  "browserHash": "5da27b06",
  "optimized": {
    "@angular/common": {
      "src": "../../../../../../node_modules/@angular/common/fesm2022/common.mjs",
      "file": "@angular_common.js",
      "fileHash": "65f405ef",
      "needsInterop": false
    },
    "@angular/common/http": {
      "src": "../../../../../../node_modules/@angular/common/fesm2022/http.mjs",
      "file": "@angular_common_http.js",
      "fileHash": "9a1af0b2",
      "needsInterop": false
    },
    "@angular/core": {
      "src": "../../../../../../node_modules/@angular/core/fesm2022/core.mjs",
      "file": "@angular_core.js",
      "fileHash": "8a0f1546",
      "needsInterop": false
    },
    "@angular/forms": {
      "src": "../../../../../../node_modules/@angular/forms/fesm2022/forms.mjs",
      "file": "@angular_forms.js",
      "fileHash": "29940cbf",
      "needsInterop": false
    },
    "@angular/platform-browser": {
      "src": "../../../../../../node_modules/@angular/platform-browser/fesm2022/platform-browser.mjs",
      "file": "@angular_platform-browser.js",
      "fileHash": "6024f6ed",
      "needsInterop": false
    },
    "@angular/platform-server": {
      "src": "../../../../../../node_modules/@angular/platform-server/fesm2022/platform-server.mjs",
      "file": "@angular_platform-server.js",
      "fileHash": "b8ee4dd3",
      "needsInterop": false
    },
    "@angular/platform-server/init": {
      "src": "../../../../../../node_modules/@angular/platform-server/fesm2022/init.mjs",
      "file": "@angular_platform-server_init.js",
      "fileHash": "53e1ee62",
      "needsInterop": false
    },
    "@angular/router": {
      "src": "../../../../../../node_modules/@angular/router/fesm2022/router.mjs",
      "file": "@angular_router.js",
      "fileHash": "e9a6faa0",
      "needsInterop": false
    },
    "@angular/ssr": {
      "src": "../../../../../../node_modules/@angular/ssr/fesm2022/ssr.mjs",
      "file": "@angular_ssr.js",
      "fileHash": "cdfbeb64",
      "needsInterop": false
    },
    "@angular/ssr/node": {
      "src": "../../../../../../node_modules/@angular/ssr/fesm2022/node.mjs",
      "file": "@angular_ssr_node.js",
      "fileHash": "32ccba52",
      "needsInterop": false
    },
    "chart.js/auto": {
      "src": "../../../../../../node_modules/chart.js/auto/auto.js",
      "file": "chart__js_auto.js",
      "fileHash": "a7c45d33",
      "needsInterop": false
    },
    "express": {
      "src": "../../../../../../node_modules/express/index.js",
      "file": "express.js",
      "fileHash": "a1b6029e",
      "needsInterop": true
    },
    "leaflet": {
      "src": "../../../../../../node_modules/leaflet/dist/leaflet-src.js",
      "file": "leaflet.js",
      "fileHash": "70236baa",
      "needsInterop": true
    },
    "pusher-js": {
      "src": "../../../../../../node_modules/pusher-js/dist/node/pusher.js",
      "file": "pusher-js.js",
      "fileHash": "56e464f1",
      "needsInterop": true
    },
    "rxjs": {
      "src": "../../../../../../node_modules/rxjs/dist/cjs/index.js",
      "file": "rxjs.js",
      "fileHash": "0dbf7e6d",
      "needsInterop": true
    },
    "rxjs/operators": {
      "src": "../../../../../../node_modules/rxjs/dist/cjs/operators/index.js",
      "file": "rxjs_operators.js",
      "fileHash": "89519222",
      "needsInterop": true
    }
  },
  "chunks": {
    "xhr2-RCHU6N37": {
      "file": "xhr2-RCHU6N37.js"
    },
    "chunk-GRDTDZFT": {
      "file": "chunk-GRDTDZFT.js"
    },
    "chunk-ZPJ7R5Z4": {
      "file": "chunk-ZPJ7R5Z4.js"
    },
    "chunk-SYHZTMEJ": {
      "file": "chunk-SYHZTMEJ.js"
    },
    "chunk-XQV2CHLM": {
      "file": "chunk-XQV2CHLM.js"
    },
    "chunk-JY6RWQMD": {
      "file": "chunk-JY6RWQMD.js"
    },
    "chunk-2W5DI3YX": {
      "file": "chunk-2W5DI3YX.js"
    },
    "chunk-KXAFGDSC": {
      "file": "chunk-KXAFGDSC.js"
    },
    "chunk-FXH64TVD": {
      "file": "chunk-FXH64TVD.js"
    },
    "chunk-TLTLRDLX": {
      "file": "chunk-TLTLRDLX.js"
    },
    "chunk-UIYHWEA5": {
      "file": "chunk-UIYHWEA5.js"
    },
    "chunk-KNCEO2A4": {
      "file": "chunk-KNCEO2A4.js"
    },
    "chunk-XCKGGG5T": {
      "file": "chunk-XCKGGG5T.js"
    }
  }
}