{
  "hash": "19344ba3",
  "configHash": "2d4637e4",
  "lockfileHash": "d741657f",
  "browserHash": "208e0777",
  "optimized": {
    "@angular/common": {
      "src": "../../../../../../node_modules/@angular/common/fesm2022/common.mjs",
      "file": "@angular_common.js",
      "fileHash": "8decd495",
      "needsInterop": false
    },
    "@angular/common/http": {
      "src": "../../../../../../node_modules/@angular/common/fesm2022/http.mjs",
      "file": "@angular_common_http.js",
      "fileHash": "9322f530",
      "needsInterop": false
    },
    "@angular/common/locales/vi": {
      "src": "../../../../../../node_modules/@angular/common/locales/vi.js",
      "file": "@angular_common_locales_vi.js",
      "fileHash": "013c479a",
      "needsInterop": false
    },
    "@angular/core": {
      "src": "../../../../../../node_modules/@angular/core/fesm2022/core.mjs",
      "file": "@angular_core.js",
      "fileHash": "b42a080e",
      "needsInterop": false
    },
    "@angular/forms": {
      "src": "../../../../../../node_modules/@angular/forms/fesm2022/forms.mjs",
      "file": "@angular_forms.js",
      "fileHash": "829b9a46",
      "needsInterop": false
    },
    "@angular/platform-browser": {
      "src": "../../../../../../node_modules/@angular/platform-browser/fesm2022/platform-browser.mjs",
      "file": "@angular_platform-browser.js",
      "fileHash": "e4e1dbef",
      "needsInterop": false
    },
    "@angular/router": {
      "src": "../../../../../../node_modules/@angular/router/fesm2022/router.mjs",
      "file": "@angular_router.js",
      "fileHash": "94142995",
      "needsInterop": false
    },
    "pusher-js": {
      "src": "../../../../../../node_modules/pusher-js/dist/web/pusher.js",
      "file": "pusher-js.js",
      "fileHash": "f2a2142e",
      "needsInterop": true
    },
    "rxjs": {
      "src": "../../../../../../node_modules/rxjs/dist/esm5/index.js",
      "file": "rxjs.js",
      "fileHash": "a7452339",
      "needsInterop": false
    },
    "rxjs/operators": {
      "src": "../../../../../../node_modules/rxjs/dist/esm5/operators/index.js",
      "file": "rxjs_operators.js",
      "fileHash": "4a927073",
      "needsInterop": false
    }
  },
  "chunks": {
    "chunk-IWRDXTUI": {
      "file": "chunk-IWRDXTUI.js"
    },
    "chunk-24CYSTEN": {
      "file": "chunk-24CYSTEN.js"
    },
    "chunk-5J2YPUQ7": {
      "file": "chunk-5J2YPUQ7.js"
    },
    "chunk-ZJ25XCV3": {
      "file": "chunk-ZJ25XCV3.js"
    },
    "chunk-Q6DU5BQW": {
      "file": "chunk-Q6DU5BQW.js"
    },
    "chunk-JRFR6BLO": {
      "file": "chunk-JRFR6BLO.js"
    },
    "chunk-HWYXSU2G": {
      "file": "chunk-HWYXSU2G.js"
    },
    "chunk-MARUHEWW": {
      "file": "chunk-MARUHEWW.js"
    },
    "chunk-H2SRQSE4": {
      "file": "chunk-H2SRQSE4.js"
    }
  }
}