{
  "hash": "435f3a2e",
  "configHash": "d12ca84c",
  "lockfileHash": "1e99cc82",
  "browserHash": "e0fbbef2",
  "optimized": {
    "@angular/common": {
      "src": "../../../../../../node_modules/@angular/common/fesm2022/common.mjs",
      "file": "@angular_common.js",
      "fileHash": "5ff9be54",
      "needsInterop": false
    },
    "@angular/common/http": {
      "src": "../../../../../../node_modules/@angular/common/fesm2022/http.mjs",
      "file": "@angular_common_http.js",
      "fileHash": "b3c88fbd",
      "needsInterop": false
    },
    "@angular/common/locales/vi": {
      "src": "../../../../../../node_modules/@angular/common/locales/vi.js",
      "file": "@angular_common_locales_vi.js",
      "fileHash": "1ea90841",
      "needsInterop": false
    },
    "@angular/core": {
      "src": "../../../../../../node_modules/@angular/core/fesm2022/core.mjs",
      "file": "@angular_core.js",
      "fileHash": "b3722e61",
      "needsInterop": false
    },
    "@angular/forms": {
      "src": "../../../../../../node_modules/@angular/forms/fesm2022/forms.mjs",
      "file": "@angular_forms.js",
      "fileHash": "11acb462",
      "needsInterop": false
    },
    "@angular/platform-browser": {
      "src": "../../../../../../node_modules/@angular/platform-browser/fesm2022/platform-browser.mjs",
      "file": "@angular_platform-browser.js",
      "fileHash": "f5434a43",
      "needsInterop": false
    },
    "@angular/router": {
      "src": "../../../../../../node_modules/@angular/router/fesm2022/router.mjs",
      "file": "@angular_router.js",
      "fileHash": "a101623c",
      "needsInterop": false
    },
    "leaflet": {
      "src": "../../../../../../node_modules/leaflet/dist/leaflet-src.js",
      "file": "leaflet.js",
      "fileHash": "48f6cf42",
      "needsInterop": true
    },
    "pusher-js": {
      "src": "../../../../../../node_modules/pusher-js/dist/web/pusher.js",
      "file": "pusher-js.js",
      "fileHash": "a5eab0d6",
      "needsInterop": true
    },
    "rxjs": {
      "src": "../../../../../../node_modules/rxjs/dist/esm5/index.js",
      "file": "rxjs.js",
      "fileHash": "fa17cb0b",
      "needsInterop": false
    },
    "rxjs/operators": {
      "src": "../../../../../../node_modules/rxjs/dist/esm5/operators/index.js",
      "file": "rxjs_operators.js",
      "fileHash": "39e6f01e",
      "needsInterop": false
    }
  },
  "chunks": {
    "chunk-V62Q5G52": {
      "file": "chunk-V62Q5G52.js"
    },
    "chunk-6IEPPD4B": {
      "file": "chunk-6IEPPD4B.js"
    },
    "chunk-RCZH6QZT": {
      "file": "chunk-RCZH6QZT.js"
    },
    "chunk-V5MVMMGT": {
      "file": "chunk-V5MVMMGT.js"
    },
    "chunk-VOPI2FWP": {
      "file": "chunk-VOPI2FWP.js"
    },
    "chunk-ENWE3XG7": {
      "file": "chunk-ENWE3XG7.js"
    },
    "chunk-43QPWZZN": {
      "file": "chunk-43QPWZZN.js"
    },
    "chunk-NFVU7VTG": {
      "file": "chunk-NFVU7VTG.js"
    },
    "chunk-JRMR7FZ4": {
      "file": "chunk-JRMR7FZ4.js"
    }
  }
}