{
  "hash": "b73d3adf",
  "configHash": "e8228f8d",
  "lockfileHash": "cd7be1ce",
  "browserHash": "68a8fe4a",
  "optimized": {
    "@angular/common": {
      "src": "../../../../../../node_modules/@angular/common/fesm2022/common.mjs",
      "file": "@angular_common.js",
      "fileHash": "b7886c78",
      "needsInterop": false
    },
    "@angular/common/http": {
      "src": "../../../../../../node_modules/@angular/common/fesm2022/http.mjs",
      "file": "@angular_common_http.js",
      "fileHash": "9b9e6356",
      "needsInterop": false
    },
    "@angular/common/locales/vi": {
      "src": "../../../../../../node_modules/@angular/common/locales/vi.js",
      "file": "@angular_common_locales_vi.js",
      "fileHash": "52cfb23c",
      "needsInterop": false
    },
    "@angular/core": {
      "src": "../../../../../../node_modules/@angular/core/fesm2022/core.mjs",
      "file": "@angular_core.js",
      "fileHash": "c107a552",
      "needsInterop": false
    },
    "@angular/forms": {
      "src": "../../../../../../node_modules/@angular/forms/fesm2022/forms.mjs",
      "file": "@angular_forms.js",
      "fileHash": "2f6227b6",
      "needsInterop": false
    },
    "@angular/platform-browser": {
      "src": "../../../../../../node_modules/@angular/platform-browser/fesm2022/platform-browser.mjs",
      "file": "@angular_platform-browser.js",
      "fileHash": "5305c16d",
      "needsInterop": false
    },
    "@angular/router": {
      "src": "../../../../../../node_modules/@angular/router/fesm2022/router.mjs",
      "file": "@angular_router.js",
      "fileHash": "fa5f4253",
      "needsInterop": false
    },
    "chart.js/auto": {
      "src": "../../../../../../node_modules/chart.js/auto/auto.js",
      "file": "chart__js_auto.js",
      "fileHash": "5f9fecee",
      "needsInterop": false
    },
    "leaflet": {
      "src": "../../../../../../node_modules/leaflet/dist/leaflet-src.js",
      "file": "leaflet.js",
      "fileHash": "b338fc9d",
      "needsInterop": true
    },
    "pusher-js": {
      "src": "../../../../../../node_modules/pusher-js/dist/web/pusher.js",
      "file": "pusher-js.js",
      "fileHash": "c6c834c8",
      "needsInterop": true
    },
    "rxjs": {
      "src": "../../../../../../node_modules/rxjs/dist/esm5/index.js",
      "file": "rxjs.js",
      "fileHash": "8f3ee900",
      "needsInterop": false
    },
    "rxjs/operators": {
      "src": "../../../../../../node_modules/rxjs/dist/esm5/operators/index.js",
      "file": "rxjs_operators.js",
      "fileHash": "22757a94",
      "needsInterop": false
    }
  },
  "chunks": {
    "chunk-V62Q5G52": {
      "file": "chunk-V62Q5G52.js"
    },
    "chunk-6IEPPD4B": {
      "file": "chunk-6IEPPD4B.js"
    },
    "chunk-RCZH6QZT": {
      "file": "chunk-RCZH6QZT.js"
    },
    "chunk-V5MVMMGT": {
      "file": "chunk-V5MVMMGT.js"
    },
    "chunk-VOPI2FWP": {
      "file": "chunk-VOPI2FWP.js"
    },
    "chunk-ENWE3XG7": {
      "file": "chunk-ENWE3XG7.js"
    },
    "chunk-43QPWZZN": {
      "file": "chunk-43QPWZZN.js"
    },
    "chunk-NFVU7VTG": {
      "file": "chunk-NFVU7VTG.js"
    },
    "chunk-JRMR7FZ4": {
      "file": "chunk-JRMR7FZ4.js"
    }
  }
}