{
  "hash": "890f5d3e",
  "configHash": "5be8d3b9",
  "lockfileHash": "8aaed2ac",
  "browserHash": "a1d9e673",
  "optimized": {
    "@angular/common": {
      "src": "../../../../../../node_modules/@angular/common/fesm2022/common.mjs",
      "file": "@angular_common.js",
      "fileHash": "52d27dd9",
      "needsInterop": false
    },
    "@angular/common/http": {
      "src": "../../../../../../node_modules/@angular/common/fesm2022/http.mjs",
      "file": "@angular_common_http.js",
      "fileHash": "06bd67d0",
      "needsInterop": false
    },
    "@angular/common/locales/vi": {
      "src": "../../../../../../node_modules/@angular/common/locales/vi.js",
      "file": "@angular_common_locales_vi.js",
      "fileHash": "46162d8e",
      "needsInterop": false
    },
    "@angular/core": {
      "src": "../../../../../../node_modules/@angular/core/fesm2022/core.mjs",
      "file": "@angular_core.js",
      "fileHash": "6ca2b50d",
      "needsInterop": false
    },
    "@angular/forms": {
      "src": "../../../../../../node_modules/@angular/forms/fesm2022/forms.mjs",
      "file": "@angular_forms.js",
      "fileHash": "46a13255",
      "needsInterop": false
    },
    "@angular/platform-browser": {
      "src": "../../../../../../node_modules/@angular/platform-browser/fesm2022/platform-browser.mjs",
      "file": "@angular_platform-browser.js",
      "fileHash": "fcea245d",
      "needsInterop": false
    },
    "@angular/router": {
      "src": "../../../../../../node_modules/@angular/router/fesm2022/router.mjs",
      "file": "@angular_router.js",
      "fileHash": "e239318c",
      "needsInterop": false
    },
    "chart.js/auto": {
      "src": "../../../../../../node_modules/chart.js/auto/auto.js",
      "file": "chart__js_auto.js",
      "fileHash": "8332d1b5",
      "needsInterop": false
    },
    "leaflet": {
      "src": "../../../../../../node_modules/leaflet/dist/leaflet-src.js",
      "file": "leaflet.js",
      "fileHash": "a1524eb9",
      "needsInterop": true
    },
    "pusher-js": {
      "src": "../../../../../../node_modules/pusher-js/dist/web/pusher.js",
      "file": "pusher-js.js",
      "fileHash": "f6bd065e",
      "needsInterop": true
    },
    "rxjs": {
      "src": "../../../../../../node_modules/rxjs/dist/esm5/index.js",
      "file": "rxjs.js",
      "fileHash": "b42eeab1",
      "needsInterop": false
    },
    "rxjs/operators": {
      "src": "../../../../../../node_modules/rxjs/dist/esm5/operators/index.js",
      "file": "rxjs_operators.js",
      "fileHash": "68a61cc8",
      "needsInterop": false
    }
  },
  "chunks": {
    "chunk-V62Q5G52": {
      "file": "chunk-V62Q5G52.js"
    },
    "chunk-6IEPPD4B": {
      "file": "chunk-6IEPPD4B.js"
    },
    "chunk-RCZH6QZT": {
      "file": "chunk-RCZH6QZT.js"
    },
    "chunk-V5MVMMGT": {
      "file": "chunk-V5MVMMGT.js"
    },
    "chunk-VOPI2FWP": {
      "file": "chunk-VOPI2FWP.js"
    },
    "chunk-43QPWZZN": {
      "file": "chunk-43QPWZZN.js"
    },
    "chunk-ENWE3XG7": {
      "file": "chunk-ENWE3XG7.js"
    },
    "chunk-NFVU7VTG": {
      "file": "chunk-NFVU7VTG.js"
    },
    "chunk-JRMR7FZ4": {
      "file": "chunk-JRMR7FZ4.js"
    }
  }
}