{
  "hash": "7b6268f8",
  "configHash": "1941925e",
  "lockfileHash": "d741657f",
  "browserHash": "855c1ca0",
  "optimized": {
    "@angular/cdk/drag-drop": {
      "src": "../../../../../../node_modules/@angular/cdk/fesm2022/drag-drop.mjs",
      "file": "@angular_cdk_drag-drop.js",
      "fileHash": "891bf63f",
      "needsInterop": false
    },
    "@angular/common": {
      "src": "../../../../../../node_modules/@angular/common/fesm2022/common.mjs",
      "file": "@angular_common.js",
      "fileHash": "c04e9caf",
      "needsInterop": false
    },
    "@angular/common/http": {
      "src": "../../../../../../node_modules/@angular/common/fesm2022/http.mjs",
      "file": "@angular_common_http.js",
      "fileHash": "e35dc757",
      "needsInterop": false
    },
    "@angular/core": {
      "src": "../../../../../../node_modules/@angular/core/fesm2022/core.mjs",
      "file": "@angular_core.js",
      "fileHash": "17d4dbae",
      "needsInterop": false
    },
    "@angular/forms": {
      "src": "../../../../../../node_modules/@angular/forms/fesm2022/forms.mjs",
      "file": "@angular_forms.js",
      "fileHash": "314fae80",
      "needsInterop": false
    },
    "@angular/platform-browser": {
      "src": "../../../../../../node_modules/@angular/platform-browser/fesm2022/platform-browser.mjs",
      "file": "@angular_platform-browser.js",
      "fileHash": "a5f70948",
      "needsInterop": false
    },
    "@angular/router": {
      "src": "../../../../../../node_modules/@angular/router/fesm2022/router.mjs",
      "file": "@angular_router.js",
      "fileHash": "2ad119f3",
      "needsInterop": false
    },
    "pusher-js": {
      "src": "../../../../../../node_modules/pusher-js/dist/web/pusher.js",
      "file": "pusher-js.js",
      "fileHash": "ee2bc0ef",
      "needsInterop": true
    },
    "rxjs": {
      "src": "../../../../../../node_modules/rxjs/dist/esm5/index.js",
      "file": "rxjs.js",
      "fileHash": "88267f0a",
      "needsInterop": false
    },
    "rxjs/operators": {
      "src": "../../../../../../node_modules/rxjs/dist/esm5/operators/index.js",
      "file": "rxjs_operators.js",
      "fileHash": "01519b87",
      "needsInterop": false
    }
  },
  "chunks": {
    "chunk-V62Q5G52": {
      "file": "chunk-V62Q5G52.js"
    },
    "chunk-6IEPPD4B": {
      "file": "chunk-6IEPPD4B.js"
    },
    "chunk-RCZH6QZT": {
      "file": "chunk-RCZH6QZT.js"
    },
    "chunk-V5MVMMGT": {
      "file": "chunk-V5MVMMGT.js"
    },
    "chunk-VOPI2FWP": {
      "file": "chunk-VOPI2FWP.js"
    },
    "chunk-ENWE3XG7": {
      "file": "chunk-ENWE3XG7.js"
    },
    "chunk-43QPWZZN": {
      "file": "chunk-43QPWZZN.js"
    },
    "chunk-NFVU7VTG": {
      "file": "chunk-NFVU7VTG.js"
    },
    "chunk-JRMR7FZ4": {
      "file": "chunk-JRMR7FZ4.js"
    }
  }
}