{
  "hash": "e488aeff",
  "configHash": "e8228f8d",
  "lockfileHash": "8aaed2ac",
  "browserHash": "d5b86ac9",
  "optimized": {
    "@angular/common": {
      "src": "../../../../../../node_modules/@angular/common/fesm2022/common.mjs",
      "file": "@angular_common.js",
      "fileHash": "861704d2",
      "needsInterop": false
    },
    "@angular/common/http": {
      "src": "../../../../../../node_modules/@angular/common/fesm2022/http.mjs",
      "file": "@angular_common_http.js",
      "fileHash": "60a656b2",
      "needsInterop": false
    },
    "@angular/common/locales/vi": {
      "src": "../../../../../../node_modules/@angular/common/locales/vi.js",
      "file": "@angular_common_locales_vi.js",
      "fileHash": "0a7c4cf6",
      "needsInterop": false
    },
    "@angular/core": {
      "src": "../../../../../../node_modules/@angular/core/fesm2022/core.mjs",
      "file": "@angular_core.js",
      "fileHash": "235d78fc",
      "needsInterop": false
    },
    "@angular/forms": {
      "src": "../../../../../../node_modules/@angular/forms/fesm2022/forms.mjs",
      "file": "@angular_forms.js",
      "fileHash": "6606a42c",
      "needsInterop": false
    },
    "@angular/platform-browser": {
      "src": "../../../../../../node_modules/@angular/platform-browser/fesm2022/platform-browser.mjs",
      "file": "@angular_platform-browser.js",
      "fileHash": "5787fa84",
      "needsInterop": false
    },
    "@angular/router": {
      "src": "../../../../../../node_modules/@angular/router/fesm2022/router.mjs",
      "file": "@angular_router.js",
      "fileHash": "1593c922",
      "needsInterop": false
    },
    "chart.js/auto": {
      "src": "../../../../../../node_modules/chart.js/auto/auto.js",
      "file": "chart__js_auto.js",
      "fileHash": "09452f69",
      "needsInterop": false
    },
    "leaflet": {
      "src": "../../../../../../node_modules/leaflet/dist/leaflet-src.js",
      "file": "leaflet.js",
      "fileHash": "b9195d00",
      "needsInterop": true
    },
    "pusher-js": {
      "src": "../../../../../../node_modules/pusher-js/dist/web/pusher.js",
      "file": "pusher-js.js",
      "fileHash": "fff534dc",
      "needsInterop": true
    },
    "rxjs": {
      "src": "../../../../../../node_modules/rxjs/dist/esm5/index.js",
      "file": "rxjs.js",
      "fileHash": "9b94a309",
      "needsInterop": false
    },
    "rxjs/operators": {
      "src": "../../../../../../node_modules/rxjs/dist/esm5/operators/index.js",
      "file": "rxjs_operators.js",
      "fileHash": "78993d2b",
      "needsInterop": false
    }
  },
  "chunks": {
    "chunk-V62Q5G52": {
      "file": "chunk-V62Q5G52.js"
    },
    "chunk-6IEPPD4B": {
      "file": "chunk-6IEPPD4B.js"
    },
    "chunk-RCZH6QZT": {
      "file": "chunk-RCZH6QZT.js"
    },
    "chunk-V5MVMMGT": {
      "file": "chunk-V5MVMMGT.js"
    },
    "chunk-VOPI2FWP": {
      "file": "chunk-VOPI2FWP.js"
    },
    "chunk-43QPWZZN": {
      "file": "chunk-43QPWZZN.js"
    },
    "chunk-ENWE3XG7": {
      "file": "chunk-ENWE3XG7.js"
    },
    "chunk-NFVU7VTG": {
      "file": "chunk-NFVU7VTG.js"
    },
    "chunk-JRMR7FZ4": {
      "file": "chunk-JRMR7FZ4.js"
    }
  }
}