{
  "hash": "3cc46192",
  "configHash": "6de4f0b9",
  "lockfileHash": "d741657f",
  "browserHash": "c9656421",
  "optimized": {
    "@angular/common": {
      "src": "../../../../../../node_modules/@angular/common/fesm2022/common.mjs",
      "file": "@angular_common.js",
      "fileHash": "c6f2ee80",
      "needsInterop": false
    },
    "@angular/common/http": {
      "src": "../../../../../../node_modules/@angular/common/fesm2022/http.mjs",
      "file": "@angular_common_http.js",
      "fileHash": "89401b14",
      "needsInterop": false
    },
    "@angular/core": {
      "src": "../../../../../../node_modules/@angular/core/fesm2022/core.mjs",
      "file": "@angular_core.js",
      "fileHash": "ba7f1e5c",
      "needsInterop": false
    },
    "@angular/forms": {
      "src": "../../../../../../node_modules/@angular/forms/fesm2022/forms.mjs",
      "file": "@angular_forms.js",
      "fileHash": "044057f1",
      "needsInterop": false
    },
    "@angular/platform-browser": {
      "src": "../../../../../../node_modules/@angular/platform-browser/fesm2022/platform-browser.mjs",
      "file": "@angular_platform-browser.js",
      "fileHash": "ce0d5688",
      "needsInterop": false
    },
    "@angular/platform-server": {
      "src": "../../../../../../node_modules/@angular/platform-server/fesm2022/platform-server.mjs",
      "file": "@angular_platform-server.js",
      "fileHash": "575279d4",
      "needsInterop": false
    },
    "@angular/platform-server/init": {
      "src": "../../../../../../node_modules/@angular/platform-server/fesm2022/init.mjs",
      "file": "@angular_platform-server_init.js",
      "fileHash": "0fafee6c",
      "needsInterop": false
    },
    "@angular/router": {
      "src": "../../../../../../node_modules/@angular/router/fesm2022/router.mjs",
      "file": "@angular_router.js",
      "fileHash": "4e1c9208",
      "needsInterop": false
    },
    "@angular/ssr": {
      "src": "../../../../../../node_modules/@angular/ssr/fesm2022/ssr.mjs",
      "file": "@angular_ssr.js",
      "fileHash": "93806a1c",
      "needsInterop": false
    },
    "@angular/ssr/node": {
      "src": "../../../../../../node_modules/@angular/ssr/fesm2022/node.mjs",
      "file": "@angular_ssr_node.js",
      "fileHash": "65c98db0",
      "needsInterop": false
    },
    "express": {
      "src": "../../../../../../node_modules/express/index.js",
      "file": "express.js",
      "fileHash": "050dfa4c",
      "needsInterop": true
    },
    "pusher-js": {
      "src": "../../../../../../node_modules/pusher-js/dist/node/pusher.js",
      "file": "pusher-js.js",
      "fileHash": "e800ed29",
      "needsInterop": true
    },
    "rxjs": {
      "src": "../../../../../../node_modules/rxjs/dist/cjs/index.js",
      "file": "rxjs.js",
      "fileHash": "2112cfea",
      "needsInterop": true
    },
    "rxjs/operators": {
      "src": "../../../../../../node_modules/rxjs/dist/cjs/operators/index.js",
      "file": "rxjs_operators.js",
      "fileHash": "f053af82",
      "needsInterop": true
    }
  },
  "chunks": {
    "xhr2-E5RTESSH": {
      "file": "xhr2-E5RTESSH.js"
    },
    "chunk-HZXVMCXB": {
      "file": "chunk-HZXVMCXB.js"
    },
    "chunk-DOH6GVJU": {
      "file": "chunk-DOH6GVJU.js"
    },
    "chunk-UJCSKSYG": {
      "file": "chunk-UJCSKSYG.js"
    },
    "chunk-XLMYHYL2": {
      "file": "chunk-XLMYHYL2.js"
    },
    "chunk-QVKNPWOF": {
      "file": "chunk-QVKNPWOF.js"
    },
    "chunk-UH4PY23X": {
      "file": "chunk-UH4PY23X.js"
    },
    "chunk-B22DVCYO": {
      "file": "chunk-B22DVCYO.js"
    },
    "chunk-Z5ALVKZJ": {
      "file": "chunk-Z5ALVKZJ.js"
    },
    "chunk-C27DBZK2": {
      "file": "chunk-C27DBZK2.js"
    },
    "chunk-2UVUUPPC": {
      "file": "chunk-2UVUUPPC.js"
    },
    "chunk-K54IFBYX": {
      "file": "chunk-K54IFBYX.js"
    },
    "chunk-6DU2HRTW": {
      "file": "chunk-6DU2HRTW.js"
    }
  }
}